{
   "PHY203" : {"Name": "General Physics I"},
   "PHY204" : {"Name": "General Physics II", "Prerequisite" : ["PHY203"]},
   "MAT151" : {"Name": "Calculus I for Mathematical and Physical Sciences"},
   "MAT152" : {"Name": "Calculus II for Mathematical and Physical Sciences", "Prerequisite" : ["MAT151"]},
   "MAT251" :  {"Name": "Multivariable Calculus", "Prerequisite" : ["MAT152"]},
   "CHE161" : {"Name": "General Chemistry I"},
   "CHE162" : {"Name": "General Chemistry II", "Prerequisite" : ["CHE161"]},
   "CHE171" : {"Name": "Introduction to Experimentation", "Prerequisite" : ["CHE161"]},
   "CHE251" : {"Name": "Analytical Chemistry", "Prerequisite" : ["CHE162","CHE171"]},
   "CHE307" : {"Name": "Organic Chemistry I", "Prerequisite" : ["CHE162"]},
   "CHE308" : {"Name": "Organic Chemistry II", "Prerequisite" : ["CHE307"]},
   "CHE313" : {"Name": "Organic Chemistry Laboratory I", "Prerequisite" : ["CHE162", "CHE171"]},
   "CHE314" : {"Name": "Organic Chemistry Laboratory II", "Prerequisite" : ["CHE307","CHE313"]},
   "CHE323" : {"Name": "Physical Chemistry I", "Prerequisite" : ["CHE162", "MAT251", "PHY204"]},
   "CHE324" : {"Name": "Physical Chemistry II", "Prerequisite" : ["CHE323"]},
   "CHE329" : {"Name": "Experimental Physical Chemistry", "Prerequisite" : ["MAT251","CHE323"]},
   "CHE348" : {"Name": "Instrumental Analysis", "Prerequisite" : ["CHE251"]},
   "CHE361" : {"Name": "Chemical Bonding", "Prerequisite" : ["MAT152","CHE307"]},
   "CHE371" : {"Name": "Inorganic Chemistry", "Prerequisite" : ["CHE308", "CHE361"]},
   "CHE409" : {"Name": "Organic Chemistry of High Polymers ", "Prerequisite" : ["CHE308", "CHE324"]},
   "CHE410" : {"Name": "Introduction to Molecular Modeling", "Prerequisite" : ["CHE308", "CHE324"]},
   "CHE411" : {"Name": "Advanced Organic Chemistry I", "Prerequisite" : ["CHE308","CHE324"]},
   "CHE412" : {"Name": "Advanced Organic Chemistry II", "Prerequisite" : ["CHE411"]}
}
