{
   "MAT151" : {"Name": "Calculus I for Mathematical and Physical Sciences"},
   "MAT152" : {"Name": "Calculus II for Mathematical and Physical Sciences", "Prerequisite" : ["MAT151"]},
   "MAT250" : {"Name": "Introductory Linear Algebra", "Prerequisite" : ["MAT152"]},
   "CS111" : {"Name": "Introduction to Computer Science"},
   "CS112" : {"Name": "Data Structures", "Prerequisite" : ["MAT151","CS111"]},
   "CS205" : {"Name": "Introduction to Discrete Structures I", "Prerequisite" : ["CS111","MAT152"]},
   "CS206" : {"Name": "Introduction to Discrete Structures II", "Prerequisite" : ["CS205"]},
   "CS211" : {"Name": "Computer Architecture", "Prerequisite" : ["CS112"]},
   "CS214" : {"Name": "Systems Programming", "Prerequisite" : ["CS211"]},
   "CS314" : {"Name": "Principles of Programming Languages", "Prerequisite" : ["CS112","CS205"]},
   "CS323" : {"Name": "Numerical Analysis and Computing", "Prerequisite" : ["MAT250"]},
   "CS336" : {"Name": "Principles of Information and Data Management", "Prerequisite" : ["CS112","CS205"]},
   "CS344" : {"Name": "Design and Analysis of Computer Algorithms", "Prerequisite" : ["CS112", "CS206"]},
   "CS352" : {"Name": "Internet Technology", "Prerequisite" : ["CS211","CS206"]},
   "CS415" : {"Name": "Compilers", "Prerequisite" : ["CS211","CS314"]},
   "CS416" : {"Name": "Operating Systems Design", "Prerequisite" : ["CS214"]},
   "CS417" : {"Name": "Distributed Systems: Concepts and Design", "Prerequisite" : ["CS416"]},
   "CS419" : {"Name": "Computer Security", "Prerequisite" : ["CS205",["CS416","CS352"]]},
   "CS428" : {"Name": "Introduction to Computer Graphics", "Prerequisite" : ["CS112","MAT250"]},
   "CS431" : {"Name": "Software Engineering", "Prerequisite" : ["CS314",["CS344","CS336","CS352","CS416"]]},
   "CS440" : {"Name": "Introduction to Artificial Intelligence", "Prerequisite" : ["CS314"]}
}
