{
   "ST211" : {"Name": "Statistics I"},
   "MAT135" : {"Name": "Calculus I"},
   "MAT136" : {"Name": "Calculus II",  "Prerequisite" : ["MAT135"]},
   "EC102" : {"Name": "Introduction to Microeconomics"},
   "EC103" : {"Name": "Introduction to Macroeconomics"},
   "EC300" : {"Name": "International Economics", "Prerequisite" : ["EC102", "EC103"]},
   "EC301" : {"Name": "Money and Banking", "Prerequisite" : ["EC102", "EC103"]},
   "EC302" : {"Name": "Labor Economics", "Prerequisite" : ["EC320", "EC322"]},
   "EC311" : {"Name": "Methods of Cost-Benefit Analysis", "Prerequisite" : ["EC320", "EC322"]},
   "EC316" : {"Name": "Health Economics", "Prerequisite" : ["EC320", "EC322"]},
   "EC320" : {"Name": "Intermediate Microeconomic Analysis", "Prerequisite" : ["EC102", "MAT135"]},
   "EC321" : {"Name": "Intermediate Macroeconomic Analysis", "Prerequisite" : ["EC102", "EC103", "MAT135"]},
   "EC322" : {"Name": "Econometrics", "Prerequisite" : ["EC102", "EC103","MAT135","ST211"]},
   "EC332" : {"Name": "Environmental Economics", "Prerequisite" : ["EC320", "EC322"] },
   "EC335" : {"Name": "International Trade", "Prerequisite" : ["EC320", "EC322"]},
   "EC364" : {"Name": "Personal Economics and Public Policy ", "Prerequisite" : ["EC320", "EC322"]},
   "EC370" : {"Name": "Economic Growth", "Prerequisite" : ["EC320", "EC321", "EC322"]},
   "EC386" : {"Name": "Operations Research", "Prerequisite" : ["EC320", "EC322"]},
   "EC405" : {"Name": "Economics of Uncertainty", "Prerequisite" : ["EC320","MAT136","ST211"]},
   "EC406" : {"Name": "Game Theory and Economics", "Prerequisite" : ["EC320","MAT136","ST211"]},
   "EC419" : {"Name": "Managerial Economics", "Prerequisite" : ["EC320", "EC322"]},
   "EC471" : {"Name": "Economics of Regulation", "Prerequisite" : ["EC320", "EC322"]}
}