{
   "MAT135" : {"Name": "Calculus I"},
   "MAT151" : {"Name": "Calculus I for Mathematical and Physical Sciences"},
   "MAT152" : {"Name": "Calculus II for Mathematical and Physical Sciences", "Prerequisite" : ["MAT151"]},
   "MAT250" : {"Name": "Introductory Linear Algebra", "Prerequisite" : ["MAT152"]},
   "MAT251" : {"Name": "Multivariable Calculus", "Prerequisite" : ["MAT152"]},
   "MAT252" : {"Name": "Elementary Differential Equations", "Prerequisite" : ["MAT251", "MAT250"]},
   "MAT300" : {"Name": "Introduction to Mathematical Reasoning", "Prerequisite" : ["MAT152"]},
   "MAT311" : {"Name": "Advanced Calculus I", "Prerequisite" : ["MAT252"]},
   "MAT312" : {"Name": "Advanced Calculus II", "Prerequisite" : ["MAT311"]},
   "MAT321" : {"Name": "Introduction to Applied Mathematics", "Prerequisite" : ["MAT252"]},
   "MAT336" : {"Name": "Dynamical Models in Biology", "Prerequisite" : ["MAT252","MAT250"]},
   "MAT338" : {"Name": "Probabilistic Models in Biology", "Prerequisite" : ["MAT250","MAT251","MAT477"]},
   "MAT348" : {"Name": "Cryptography", "Prerequisite" : ["MAT250",["MAT300","MAT356","MAT477"]]},
   "MAT350" : {"Name": "Linear Algebra", "Prerequisite" : ["MAT252", "MAT250", "MAT300"]},
   "MAT354" : {"Name": "Linear Optimization", "Prerequisite" : ["MAT250"]},
   "MAT356" : {"Name": "Theory of Numbers", "Prerequisite" : ["MAT251"]},
   "MAT361" : {"Name": "Set Theory", "Prerequisite" : ["MAT300", ["MAT250","MAT251"]]},
   "MAT423" : {"Name": "Elementary Partial Differential Equations ", "Prerequisite" : ["MAT252"]},
   "MAT428" : {"Name": "Graph Theory", "Prerequisite" : ["MAT251","MAT250"]},
   "MAT435" : {"Name": "Geometry", "Prerequisite" : ["MAT251","MAT250","MAT300"]},
   "MAT454" : {"Name": "Combinatorics", "Prerequisite" : ["MAT152","MAT250"]},
   "MAT477" : {"Name": "Mathematical Theory of Probability", "Prerequisite" : ["MAT251"]}
}
